0.0	0.0
17.0	0.0
35.0	0.0
53.0	0.0
72.0	0.0
91.0	0.0
110.0	0.0
129.0	0.0
149.0	-0.81
170.0	0.02
190.0	0.36
211.0	-0.95
234.0	-1.84
258.0	-1.09
281.0	-0.75
304.0	-0.22
327.0	-0.48
351.0	-0.75
375.0	0.23
397.0	1.33
420.0	0.35
444.0	0.18
469.0	-0.08
495.0	-1.08
523.0	-1.39
552.0	-1.61
581.0	-0.9
609.0	-0.6
637.0	-0.02
665.0	-0.18
695.0	-1.23
726.0	-1.54
757.0	-0.85
788.0	-0.1
817.0	-0.17
848.0	-0.78
881.0	-0.78
912.0	-0.17
944.0	-0.25
976.0	-0.28
1009.0	-0.81
1042.0	-0.05
1074.0	0.27
1107.0	-0.83
1142.0	-0.65
1176.0	-0.27
1211.0	-0.65
1247.0	-1.48
1285.0	-1.64
1321.0	-0.4
1356.0	0.33
1390.0	-0.05
1426.0	-0.13
1461.0	-0.03
1497.0	-0.46
1535.0	-1.0
1573.0	-0.96
1612.0	-1.33
1652.0	-1.51
1692.0	-0.88
1732.0	-1.06
1772.0	-1.21
1812.0	-1.24
1853.0	-0.96
1893.0	-0.53
1931.0	0.15
1970.0	-0.28
2009.0	-0.45
2049.0	-0.38
2089.0	-0.53
2129.0	-0.61
2171.0	-0.95
2212.0	-0.73
2253.0	0.12
2291.0	1.16
2331.0	-0.98
2374.0	-1.44
2418.0	-0.73
2460.0	-0.63
2501.0	0.3
2542.0	-0.27
2585.0	-1.36
2628.0	-0.17
2670.0	-0.02
2713.0	-1.19
2760.0	-1.97
2805.0	-0.61
2847.0	0.58
2889.0	-0.38
2934.0	-1.34
2980.0	-1.41
3026.0	-0.73
3070.0	-0.25
3114.0	-0.53
3158.0	-0.08
3201.0	0.15
3245.0	-0.43
3289.0	-0.61
3334.0	-0.3
3379.0	-0.13
3422.0	0.22
3466.0	0.17
3511.0	-0.91
3558.0	-0.9
3603.0	0.3
3646.0	0.65
3689.0	0.58
3732.0	0.03
3778.0	-0.63
3824.0	-0.46
3870.0	0.0
3915.0	-0.23
3962.0	-0.66
4009.0	-0.73
4057.0	-0.75
4104.0	-0.91
4153.0	-1.09
4202.0	-1.0
4250.0	-0.53
4295.0	0.55
4339.0	1.13
4381.0	1.13
4423.0	1.13
4466.0	1.13
4509.0	1.13
4552.0	0.88
4596.0	0.2
4642.0	-0.33
4690.0	-0.88
4739.0	-0.58
4786.0	0.25
4831.0	0.0
4880.0	-1.14
4929.0	-0.66
4977.0	-0.36
5025.0	-0.66
5072.0	0.13
5118.0	0.18
5165.0	-0.38
5212.0	-0.22
5259.0	0.28
5305.0	0.1
5351.0	0.08
5397.0	0.5
5442.0	0.5
5488.0	0.2
5534.0	0.02
5581.0	0.08
5627.0	0.03
5674.0	-0.06
5721.0	-0.15
5769.0	-0.25
5816.0	-0.22
5863.0	0.15
5909.0	0.45
5955.0	-0.13
6004.0	-0.73
6052.0	-0.21
6099.0	0.32
6145.0	-0.17
6193.0	-0.33
6241.0	0.09
6287.0	0.28
6334.0	-0.55
6385.0	-1.59
6436.0	-1.09
6486.0	-0.31
6534.0	-0.62
6583.0	-0.65
6631.0	0.37
6677.0	0.37
6724.0	-0.36
6773.0	-0.84
6823.0	-1.28
6874.0	-1.14
6924.0	-0.58
6973.0	-0.59
7023.0	-1.05
7074.0	-1.2
7124.0	-0.63
7172.0	0.02
7220.0	-0.04
7267.0	-0.11
7315.0	-0.29
7364.0	-0.81
7413.0	-0.58
7462.0	0.02
7509.0	-0.03
7555.0	0.48
7602.0	-0.02
7649.0	0.02
7697.0	-0.04
7745.0	-0.72
7794.0	-0.57
7844.0	-0.9
7894.0	-0.93
7944.0	-0.69
7994.0	-0.54
8043.0	-0.64
8091.0	0.3
8135.0	2.06
8178.0	0.59
8226.0	-0.87
8276.0	-0.78
8325.0	-0.55
8374.0	-0.21
8422.0	-0.26
8471.0	-0.52
8520.0	-0.65
8569.0	-0.68
8619.0	-0.73
8668.0	-0.56
8716.0	0.34
8763.0	0.13
8811.0	-0.81
8861.0	-0.53
8910.0	-0.54
8960.0	-0.88
9009.0	-0.48
9058.0	-0.41
9107.0	-0.6
9156.0	-0.51
9204.0	-0.13
9252.0	0.26
9298.0	0.03
9346.0	-0.39
9396.0	-0.82
9445.0	-0.7
9494.0	-0.16
9542.0	-0.16
9589.0	0.43
9635.0	0.51
9682.0	-0.46
9732.0	-0.8
9782.0	-0.85
9831.0	-0.74
9881.0	-0.36
9929.0	-0.37
9978.0	-0.65
10027.0	-0.28
10075.0	-0.47
10124.0	-0.58
10172.0	0.31
10218.0	0.52
10265.0	-0.18
10315.0	-1.3
10366.0	-0.97
10415.0	-0.43
10465.0	-0.76
10515.0	-0.77
10564.0	-0.79
10614.0	-0.9
10665.0	-0.96
10715.0	-0.7
10764.0	-0.26
10812.0	-0.44
10861.0	-0.62
10910.0	-0.15
10957.0	-0.12
11005.0	-0.23
11053.0	0.02
11100.0	0.09
11146.0	0.74
11191.0	0.81
11237.0	-0.18
11286.0	-0.48
11334.0	-0.27
11383.0	-0.73
11434.0	-1.22
11485.0	-1.29
11537.0	-1.57
11590.0	-1.59
11642.0	-1.61
11695.0	-1.83
11749.0	-2.2
11805.0	-2.37
11861.0	-2.85
11918.0	-2.55
11973.0	-2.19
12029.0	-2.84
12087.0	-3.09
12144.0	-2.77
12202.0	-2.9
12261.0	-3.88
12323.0	-4.18
12385.0	-3.96
12446.0	-3.61
12507.0	-3.76
12569.0	-4.25
12632.0	-4.25
12694.0	-3.91
12755.0	-3.57
12815.0	-3.24
12874.0	-3.4
12934.0	-3.5
12994.0	-3.67
13055.0	-3.85
13116.0	-3.75
13177.0	-3.72
13237.0	-3.45
13296.0	-3.17
13355.0	-3.17
13414.0	-3.67
13476.0	-4.28
13539.0	-4.02
13600.0	-3.57
13659.0	-3.27
13718.0	-2.91
13774.0	-2.19
13828.0	-2.04
13883.0	-2.24
13938.0	-2.06
13992.0	-2.32
14048.0	-2.57
14105.0	-2.83
14163.0	-3.08
14221.0	-3.34
14281.0	-3.6
14342.0	-3.85
14404.0	-4.11
14466.0	-3.64
14526.0	-3.82
14589.0	-4.34
14651.0	-3.98
14713.0	-3.92
14775.0	-4.14
14839.0	-4.52
14904.0	-4.68
14968.0	-4.44
15032.0	-4.66
15099.0	-5.32
15167.0	-5.4
15234.0	-5.0
15300.0	-4.81
15366.0	-4.74
15432.0	-5.15
15501.0	-5.71
15570.0	-5.6
15639.0	-5.44
15708.0	-5.57
15777.0	-5.29
15845.0	-5.35
15915.0	-6.19
15987.0	-5.99
16057.0	-5.75
16128.0	-6.08
16201.0	-6.34
16275.0	-6.74
16350.0	-6.88
16426.0	-6.88
16502.0	-6.74
16577.0	-6.77
16653.0	-6.97
16729.0	-7.16
16808.0	-7.49
16889.0	-8.33
16974.0	-8.51
17058.0	-8.04
17139.0	-7.6
17219.0	-7.53
17298.0	-7.45
17379.0	-8.09
17462.0	-8.27
17544.0	-7.68
17625.0	-7.78
17706.0	-7.84
17787.0	-7.82
17868.0	-7.72
17949.0	-7.75
18031.0	-8.19
18116.0	-8.63
18201.0	-8.16
18283.0	-7.89
18365.0	-7.74
18446.0	-7.97
18530.0	-8.5
18615.0	-8.43
18701.0	-8.73
18787.0	-8.46
18870.0	-7.58
18950.0	-7.63
19032.0	-8.11
19116.0	-8.26
19199.0	-8.03
19282.0	-7.81
19362.0	-7.54
19443.0	-7.7
19525.0	-8.15
19610.0	-8.45
19696.0	-8.71
19782.0	-8.52
19868.0	-8.61
19953.0	-7.99
20035.0	-7.62
20116.0	-7.84
20197.0	-7.52
20278.0	-7.82
20361.0	-8.11
20444.0	-8.08
20528.0	-8.03
20611.0	-8.04
20694.0	-7.96
20777.0	-7.87
20859.0	-7.94
20943.0	-8.12
21026.0	-8.1
21110.0	-7.93
21192.0	-7.91
21275.0	-7.91
21358.0	-8.0
21442.0	-8.09
21525.0	-7.73
21605.0	-7.36
21686.0	-7.66
21769.0	-8.24
21854.0	-8.33
21939.0	-8.12
22023.0	-8.15
22108.0	-8.41
22196.0	-8.82
22284.0	-8.82
22371.0	-8.45
22457.0	-8.3
22543.0	-8.37
22629.0	-8.45
22716.0	-8.52
22803.0	-8.59
22888.0	-7.97
22972.0	-7.92
23057.0	-8.5
23145.0	-8.8
23234.0	-8.89
23324.0	-9.01
23412.0	-8.54
23497.0	-7.76
23581.0	-8.2
23668.0	-8.63
23755.0	-8.63
23843.0	-8.63
23931.0	-8.44
24017.0	-8.26
24102.0	-8.03
24186.0	-7.87
24272.0	-8.68
24363.0	-9.39
24453.0	-8.46
24537.0	-7.53
24619.0	-7.51
24700.0	-7.5
24781.0	-7.25
24860.0	-7.0
24941.0	-7.57
25024.0	-8.14
25109.0	-7.98
25193.0	-7.83
25277.0	-7.68
25360.0	-7.89
25445.0	-8.27
25531.0	-8.13
25615.0	-7.7
25697.0	-7.05
25776.0	-6.98
25855.0	-7.26
25936.0	-7.29
26017.0	-7.47
26099.0	-7.48
26180.0	-7.16
26261.0	-7.24
26342.0	-7.55
26425.0	-7.82
26510.0	-8.05
26595.0	-8.09
26681.0	-8.09
26766.0	-7.74
26849.0	-7.56
26933.0	-7.9
27019.0	-8.64
27110.0	-9.02
27202.0	-9.02
27293.0	-8.82
27382.0	-8.62
27470.0	-8.14
27555.0	-7.84
27641.0	-8.28
27730.0	-8.66
27819.0	-8.52
27907.0	-8.27
27993.0	-8.09
28079.0	-7.9
28163.0	-7.69
28247.0	-7.49
28331.0	-8.16
28420.0	-8.82
28510.0	-8.47
28597.0	-8.12
28683.0	-7.77
28766.0	-7.42
28848.0	-7.07
28927.0	-6.71
29006.0	-6.71
29085.0	-6.98
29166.0	-7.25
29249.0	-7.52
29332.0	-7.79
29418.0	-8.05
29505.0	-8.35
29594.0	-8.37
29682.0	-8.33
29771.0	-8.58
29861.0	-8.43
29949.0	-8.3
30036.0	-7.95
30120.0	-7.14
30201.0	-7.02
30283.0	-7.62
30368.0	-7.83
30453.0	-7.75
30538.0	-7.64
30622.0	-7.52
30705.0	-7.41
30788.0	-7.3
30871.0	-7.63
30957.0	-7.95
31043.0	-8.0
31130.0	-8.05
31216.0	-7.85
31302.0	-7.65
31387.0	-7.77
31473.0	-8.03
31560.0	-8.2
31648.0	-7.93
31733.0	-7.4
31815.0	-7.14
31896.0	-6.77
31976.0	-6.74
32056.0	-6.79
32137.0	-7.09
32219.0	-7.27
32300.0	-6.61
32380.0	-7.07
32463.0	-7.49
32546.0	-6.99
32626.0	-6.62
32705.0	-6.71
32787.0	-7.47
32871.0	-7.47
32955.0	-7.29
33039.0	-7.59
33124.0	-7.6
33209.0	-7.6
33293.0	-7.34
33376.0	-7.07
33459.0	-7.44
33544.0	-7.54
33628.0	-7.31
33711.0	-7.12
33793.0	-7.17
33877.0	-7.36
33960.0	-7.17
34041.0	-6.53
34121.0	-6.88
34202.0	-6.76
34281.0	-6.25
34360.0	-6.59
34438.0	-6.08
34515.0	-6.01
34592.0	-6.15
34669.0	-5.87
34744.0	-5.7
34818.0	-5.14
34889.0	-4.82
34960.0	-5.05
35033.0	-5.52
35108.0	-5.98
35185.0	-5.9
35261.0	-5.82
35336.0	-5.39
35409.0	-5.24
35482.0	-5.37
35556.0	-5.55
35631.0	-5.65
35705.0	-5.41
35780.0	-5.62
35855.0	-5.72
35930.0	-5.77
36007.0	-6.22
36086.0	-6.4
36166.0	-6.7
36248.0	-7.03
36331.0	-7.22
36416.0	-7.7
36502.0	-7.3
36585.0	-6.67
36666.0	-6.97
36748.0	-6.65
36827.0	-6.02
36905.0	-6.32
36985.0	-6.62
37066.0	-6.76
37148.0	-6.9
37230.0	-6.9
37313.0	-6.97
37396.0	-7.2
37479.0	-6.8
37558.0	-5.97
37637.0	-6.38
37718.0	-6.88
37799.0	-6.6
37880.0	-6.45
37959.0	-6.3
38039.0	-6.43
38120.0	-6.66
38201.0	-6.8
38284.0	-6.96
38367.0	-7.09
38451.0	-7.18
38535.0	-7.18
38619.0	-6.94
38702.0	-6.73
38783.0	-6.69
38865.0	-6.64
38946.0	-6.6
39027.0	-6.56
39107.0	-6.21
39185.0	-5.93
39263.0	-5.93
39341.0	-6.16
39420.0	-6.24
39499.0	-6.24
39579.0	-6.13
39657.0	-6.13
39735.0	-5.91
39812.0	-5.48
39889.0	-6.24
39971.0	-6.96
40054.0	-6.91
40138.0	-7.21
40223.0	-7.07
40305.0	-6.31
40386.0	-6.51
40468.0	-6.91
40551.0	-6.71
40632.0	-6.56
40714.0	-6.67
40796.0	-6.46
40875.0	-5.74
40952.0	-5.74
41031.0	-6.37
41112.0	-6.59
41191.0	-5.89
41268.0	-5.19
41342.0	-5.11
41415.0	-5.02
41489.0	-5.09
41564.0	-5.48
41638.0	-4.8
41710.0	-4.53
41782.0	-5.08
41855.0	-4.81
41927.0	-4.68
42001.0	-5.27
42077.0	-5.69
42152.0	-4.99
42225.0	-4.65
42298.0	-5.3
42374.0	-5.7
42451.0	-5.4
42527.0	-5.49
42603.0	-5.43
42679.0	-5.69
42758.0	-6.13
42837.0	-5.95
42916.0	-5.88
42994.0	-5.93
43073.0	-5.8
43150.0	-5.53
43226.0	-5.5
43304.0	-6.04
43385.0	-6.45
43464.0	-5.42
43540.0	-5.47
43619.0	-6.68
43702.0	-6.6
43785.0	-6.48
43868.0	-6.94
43952.0	-6.88
44036.0	-6.72
44120.0	-6.99
44206.0	-7.27
44292.0	-6.94
44377.0	-6.97
44463.0	-7.51
44551.0	-7.13
44634.0	-6.15
44715.0	-6.55
44800.0	-7.44
44887.0	-7.04
44972.0	-6.68
45055.0	-6.72
45139.0	-6.69
45225.0	-7.4
45315.0	-8.16
45407.0	-7.91
45497.0	-7.64
45587.0	-7.94
45677.0	-7.38
45762.0	-6.55
45846.0	-6.93
45932.0	-7.01
46018.0	-7.02
46104.0	-7.39
46193.0	-7.38
46281.0	-7.47
46370.0	-7.51
46457.0	-7.15
46543.0	-6.78
46628.0	-6.9
46713.0	-6.91
46797.0	-6.48
46881.0	-6.71
46966.0	-6.92
47050.0	-6.67
47133.0	-6.29
47214.0	-5.92
47295.0	-6.17
47378.0	-6.73
47462.0	-6.55
47546.0	-6.78
47631.0	-6.99
47716.0	-6.36
47798.0	-6.28
47881.0	-6.74
47966.0	-6.85
48050.0	-6.46
48134.0	-6.65
48218.0	-6.49
48300.0	-6.02
48381.0	-6.05
48461.0	-5.8
48541.0	-5.83
48622.0	-6.26
48704.0	-6.36
48787.0	-6.48
48870.0	-6.39
48953.0	-6.24
49034.0	-5.76
49113.0	-5.77
49193.0	-5.89
49272.0	-5.51
49350.0	-5.51
49430.0	-5.89
49510.0	-5.97
49591.0	-6.07
49672.0	-5.78
49750.0	-5.3
49828.0	-5.58
49907.0	-5.6
49985.0	-5.18
50061.0	-5.03
50138.0	-5.45
50217.0	-5.7
50295.0	-5.37
50374.0	-5.54
50452.0	-5.54
50531.0	-5.65
50610.0	-5.57
50688.0	-5.19
50766.0	-5.72
50847.0	-6.07
50928.0	-5.89
51009.0	-5.74
51086.0	-4.91
51159.0	-3.77
51230.0	-4.34
51306.0	-5.38
51384.0	-5.6
51465.0	-6.21
51549.0	-6.6
51633.0	-6.43
51715.0	-5.47
51794.0	-5.59
51874.0	-6.02
51955.0	-5.56
52034.0	-5.56
52114.0	-5.81
52195.0	-5.84
52275.0	-5.55
52352.0	-5.03
52430.0	-5.6
52511.0	-6.13
52594.0	-6.23
52679.0	-6.71
52763.0	-6.15
52846.0	-6.1
52931.0	-6.93
53019.0	-7.18
53107.0	-7.07
53193.0	-6.36
53275.0	-5.65
53355.0	-5.55
53436.0	-6.05
53520.0	-6.65
53606.0	-6.65
53692.0	-6.55
53775.0	-6.04
53858.0	-6.22
53942.0	-6.49
54026.0	-6.14
54111.0	-6.6
54198.0	-7.06
54286.0	-6.96
54372.0	-6.4
54457.0	-6.53
54544.0	-6.8
54629.0	-6.17
54713.0	-6.35
54797.0	-6.29
54881.0	-6.36
54967.0	-6.71
55052.0	-6.31
55136.0	-6.16
55218.0	-5.58
55297.0	-5.34
55377.0	-5.65
55457.0	-5.42
55536.0	-5.21
55615.0	-5.43
55694.0	-5.54
55775.0	-5.81
55855.0	-5.23
55933.0	-4.8
56009.0	-5.09
56087.0	-4.95
56163.0	-4.71
56239.0	-4.92
56317.0	-5.11
56394.0	-4.76
56471.0	-5.09
56548.0	-5.1
56624.0	-4.35
56698.0	-4.42
56774.0	-4.88
56850.0	-4.47
56922.0	-3.71
56993.0	-3.68
57065.0	-4.18
57139.0	-4.54
57215.0	-4.73
57289.0	-4.01
57362.0	-4.05
57436.0	-4.85
57513.0	-4.85
57590.0	-4.86
57669.0	-5.78
57750.0	-5.51
57828.0	-4.65
57905.0	-4.98
57981.0	-4.65
58057.0	-4.62
58133.0	-4.9
58211.0	-4.96
58286.0	-4.27
58360.0	-4.22
58436.0	-4.93
58514.0	-5.21
58594.0	-5.66
58676.0	-5.86
58759.0	-6.06
58842.0	-5.93
58925.0	-5.85
59008.0	-6.04
59093.0	-6.41
59178.0	-6.31
59262.0	-5.86
59345.0	-5.85
59428.0	-6.03
59511.0	-5.86
59593.0	-5.53
59674.0	-5.53
59755.0	-5.53
59836.0	-5.81
59921.0	-6.49
60007.0	-6.53
60093.0	-6.15
60177.0	-6.11
60262.0	-6.2
60348.0	-6.45
60433.0	-6.3
60519.0	-6.28
60605.0	-6.53
60692.0	-6.58
60779.0	-6.61
60869.0	-7.31
60961.0	-7.48
61052.0	-6.98
61141.0	-6.81
61229.0	-6.53
61317.0	-6.88
61406.0	-6.86
61496.0	-7.0
61586.0	-7.26
61677.0	-6.86
61765.0	-6.5
61852.0	-6.6
61941.0	-7.0
62031.0	-7.1
62121.0	-7.05
62213.0	-7.44
62307.0	-7.72
62401.0	-7.64
62497.0	-8.09
62594.0	-8.02
62689.0	-7.67
62783.0	-7.54
62877.0	-7.51
62970.0	-7.51
63064.0	-7.51
63157.0	-7.51
63249.0	-7.11
63338.0	-6.43
63424.0	-6.26
63512.0	-6.84
63600.0	-6.66
63688.0	-6.41
63776.0	-6.83
63865.0	-6.82
63954.0	-6.79
64043.0	-6.94
64134.0	-7.27
64228.0	-7.7
64322.0	-7.55
64416.0	-7.4
64510.0	-7.91
64605.0	-7.43
64698.0	-7.49
64793.0	-7.97
64890.0	-7.92
64987.0	-8.17
65085.0	-7.98
65182.0	-7.95
65278.0	-7.76
65371.0	-7.25
65464.0	-7.49
65559.0	-7.71
65655.0	-8.15
65756.0	-8.85
65855.0	-7.75
65949.0	-7.4
66045.0	-8.21
66144.0	-8.31
66243.0	-8.06
66338.0	-7.33
66429.0	-6.88
66520.0	-7.07
66613.0	-7.73
66708.0	-7.76
66803.0	-7.54
66898.0	-7.73
66992.0	-7.44
67085.0	-7.22
67178.0	-7.47
67272.0	-7.63
67367.0	-7.52
67462.0	-7.8
67557.0	-7.71
67653.0	-7.86
67750.0	-8.15
67848.0	-8.04
67945.0	-7.89
68041.0	-7.55
68136.0	-7.8
68233.0	-8.27
68330.0	-7.65
68424.0	-7.45
68520.0	-8.01
68617.0	-7.94
68715.0	-8.2
68811.0	-7.59
68902.0	-6.36
68987.0	-5.81
69071.0	-6.12
69155.0	-5.62
69238.0	-5.75
69324.0	-6.69
69413.0	-6.92
69506.0	-7.54
69599.0	-7.33
69691.0	-6.97
69780.0	-6.55
69869.0	-6.75
69959.0	-7.31
70054.0	-7.84
70149.0	-7.72
70243.0	-7.05
70334.0	-7.08
70425.0	-7.26
70515.0	-6.52
70600.0	-5.67
70683.0	-5.67
70766.0	-5.67
70848.0	-5.66
70931.0	-5.66
71013.0	-5.7
71096.0	-5.75
71180.0	-5.93
71264.0	-5.99
71347.0	-5.44
71427.0	-5.15
71506.0	-4.6
71584.0	-5.3
71664.0	-5.2
71743.0	-4.81
71822.0	-5.36
71905.0	-6.13
71989.0	-5.55
72070.0	-5.38
72152.0	-5.69
72235.0	-5.81
72318.0	-5.82
72403.0	-6.28
72489.0	-6.53
72578.0	-6.89
72666.0	-6.39
72753.0	-6.64
72840.0	-5.97
72922.0	-5.29
73003.0	-5.77
73087.0	-6.0
73172.0	-6.31
73258.0	-6.44
73347.0	-7.1
73440.0	-7.81
73533.0	-6.96
73620.0	-6.1
73706.0	-6.61
73795.0	-7.12
73885.0	-6.85
73973.0	-6.45
74060.0	-6.56
74150.0	-7.17
74238.0	-6.31
74322.0	-5.91
74405.0	-5.62
74484.0	-4.74
74565.0	-6.03
74651.0	-6.92
74738.0	-5.87
74821.0	-5.85
74903.0	-5.68
74985.0	-5.61
75066.0	-5.41
75147.0	-5.72
75229.0	-5.42
75308.0	-5.12
75388.0	-5.32
75468.0	-5.41
75547.0	-5.13
75625.0	-4.66
75701.0	-4.53
75776.0	-4.39
75850.0	-4.35
75928.0	-5.41
76007.0	-5.0
76084.0	-4.83
76162.0	-5.23
76239.0	-4.37
76313.0	-4.05
76388.0	-4.8
76465.0	-5.08
76543.0	-5.16
76622.0	-5.22
76700.0	-4.92
76777.0	-4.67
76854.0	-5.09
76933.0	-5.5
77014.0	-5.47
77094.0	-5.42
77175.0	-5.9
77259.0	-6.33
77345.0	-6.71
77433.0	-7.14
77521.0	-6.59
77606.0	-5.81
77687.0	-5.76
77769.0	-5.81
77853.0	-6.45
77938.0	-6.52
78025.0	-6.62
78113.0	-7.28
78200.0	-6.06
78277.0	-3.82
78353.0	-5.71
78437.0	-6.79
78522.0	-6.12
78606.0	-6.32
78690.0	-6.06
78772.0	-5.78
78854.0	-5.87
78937.0	-6.24
79020.0	-5.91
79098.0	-4.8
79174.0	-4.8
79251.0	-5.0
79327.0	-4.76
79402.0	-4.33
79478.0	-5.43
79557.0	-5.5
79636.0	-5.23
79714.0	-4.93
79791.0	-5.28
79870.0	-5.41
79947.0	-4.95
80020.0	-3.66
80093.0	-4.87
80173.0	-6.38
80257.0	-6.11
80341.0	-6.39
80422.0	-5.41
80498.0	-4.45
80572.0	-4.25
80645.0	-4.4
80719.0	-4.75
80794.0	-4.75
80869.0	-4.5
80943.0	-4.67
81019.0	-4.93
81096.0	-5.2
81170.0	-4.04
81240.0	-3.29
81309.0	-3.87
81381.0	-4.45
81453.0	-3.89
81523.0	-3.33
81592.0	-3.79
81662.0	-3.79
81732.0	-3.81
81802.0	-3.74
81872.0	-3.73
81942.0	-3.83
82012.0	-3.48
82080.0	-3.56
82148.0	-3.01
82213.0	-2.54
82280.0	-3.65
82352.0	-4.85
82427.0	-4.59
82500.0	-4.31
82573.0	-4.53
82647.0	-4.75
82721.0	-4.27
82792.0	-3.78
82860.0	-3.1
82925.0	-2.42
82990.0	-2.98
83055.0	-2.58
83121.0	-3.46
83190.0	-3.92
83261.0	-3.94
83331.0	-3.94
83401.0	-3.7
83470.0	-3.62
83538.0	-3.27
83608.0	-4.39
83679.0	-3.71
83747.0	-3.23
83814.0	-3.2
83881.0	-3.54
83952.0	-4.32
84025.0	-4.64
84097.0	-4.27
84168.0	-3.91
84238.0	-3.91
84308.0	-3.92
84378.0	-4.01
84448.0	-3.76
84515.0	-2.53
84576.0	-1.64
84638.0	-2.65
84703.0	-3.03
84770.0	-3.43
84838.0	-3.49
84905.0	-3.29
84971.0	-2.92
85036.0	-2.64
85100.0	-2.48
85164.0	-2.92
85229.0	-3.12
85296.0	-3.23
85361.0	-2.69
85425.0	-2.64
85489.0	-2.47
85551.0	-2.34
85615.0	-2.71
85680.0	-3.0
85746.0	-3.53
85814.0	-3.42
85881.0	-3.53
85949.0	-3.51
86016.0	-3.38
86083.0	-3.38
86150.0	-3.38
86218.0	-3.63
86286.0	-3.76
86355.0	-3.64
86423.0	-3.78
86492.0	-3.91
86562.0	-4.34
86635.0	-4.87
86707.0	-3.99
86777.0	-4.35
86848.0	-4.14
86919.0	-4.12
86989.0	-4.17
87060.0	-4.4
87132.0	-4.49
87203.0	-4.39
87274.0	-3.86
87342.0	-3.46
87410.0	-4.15
87482.0	-4.83
87554.0	-4.35
87624.0	-3.8
87695.0	-4.55
87766.0	-4.28
87837.0	-4.13
87907.0	-4.21
87978.0	-4.43
88049.0	-4.43
88122.0	-4.79
88196.0	-5.13
88271.0	-5.12
88345.0	-5.12
88420.0	-5.11
88495.0	-5.1
88570.0	-5.07
88644.0	-5.03
88719.0	-5.07
88793.0	-4.93
88866.0	-4.86
88938.0	-4.09
89008.0	-4.1
89077.0	-4.11
89148.0	-4.65
89221.0	-4.91
89296.0	-5.34
89373.0	-5.76
89450.0	-5.23
89523.0	-4.69
89597.0	-5.1
89672.0	-5.43
89748.0	-5.42
89825.0	-5.41
89900.0	-5.06
89973.0	-4.69
90048.0	-5.61
90128.0	-6.68
90209.0	-5.94
90286.0	-5.34
90362.0	-5.58
90440.0	-5.73
90517.0	-5.77
90594.0	-5.18
90668.0	-5.11
90740.0	-4.16
90812.0	-5.0
90885.0	-4.79
90959.0	-5.02
91033.0	-4.99
91107.0	-5.19
91182.0	-5.21
91258.0	-5.72
91336.0	-5.81
91411.0	-4.73
91480.0	-3.53
91547.0	-3.61
91615.0	-4.05
91685.0	-4.12
91753.0	-3.85
91823.0	-4.61
91896.0	-4.85
91968.0	-4.59
92040.0	-4.83
92114.0	-5.1
92187.0	-4.71
92259.0	-4.54
92329.0	-3.99
92398.0	-4.12
92470.0	-4.94
92542.0	-4.77
92617.0	-5.45
92690.0	-4.58
92759.0	-3.32
92827.0	-4.28
92897.0	-4.46
92967.0	-4.06
93037.0	-4.14
93107.0	-4.62
93180.0	-5.15
93254.0	-4.7
93325.0	-4.48
93397.0	-4.69
93468.0	-4.44
93540.0	-4.92
93615.0	-5.61
93690.0	-4.68
93761.0	-4.27
93829.0	-3.45
93895.0	-3.27
93961.0	-3.45
94026.0	-3.25
94093.0	-3.88
94164.0	-4.97
94238.0	-4.97
94311.0	-4.84
94382.0	-4.12
94450.0	-3.66
94517.0	-3.51
94585.0	-4.15
94655.0	-4.35
94725.0	-4.45
94795.0	-4.05
94864.0	-3.87
94932.0	-3.8
95000.0	-3.96
95070.0	-4.39
95141.0	-4.77
95214.0	-4.9
95284.0	-3.64
95351.0	-3.39
95418.0	-3.89
95487.0	-4.0
95556.0	-4.0
95624.0	-4.0
95693.0	-3.85
95761.0	-3.7
95828.0	-3.7
95895.0	-3.7
95964.0	-4.0
96033.0	-4.3
96103.0	-3.95
96170.0	-3.5
96237.0	-3.5
96304.0	-3.8
96372.0	-3.87
96441.0	-4.23
96511.0	-4.35
96582.0	-4.28
96652.0	-4.35
96722.0	-3.88
96791.0	-4.2
96861.0	-4.51
96933.0	-4.51
97004.0	-4.51
97075.0	-4.42
97148.0	-5.24
97222.0	-4.9
97294.0	-4.35
97365.0	-4.57
97439.0	-5.46
97514.0	-4.98
97588.0	-4.88
97659.0	-4.12
97727.0	-3.36
97794.0	-4.1
97864.0	-4.24
97936.0	-4.82
98010.0	-5.38
98085.0	-4.87
98157.0	-4.38
98228.0	-4.51
98300.0	-4.84
98371.0	-3.93
98439.0	-3.5
98505.0	-3.51
98572.0	-3.51
98640.0	-4.12
98712.0	-4.75
98783.0	-4.39
98855.0	-4.56
98925.0	-4.0
98994.0	-3.8
99063.0	-4.17
99134.0	-4.58
99205.0	-4.35
99275.0	-4.12
99345.0	-4.07
99414.0	-4.03
99484.0	-4.01
99553.0	-3.95
99622.0	-3.92
99691.0	-4.08
99760.0	-3.89
99828.0	-3.49
99894.0	-3.49
99961.0	-3.49
100028.0	-3.45
100095.0	-3.65
100163.0	-3.83
100232.0	-4.08
100301.0	-3.59
100367.0	-3.11
100432.0	-3.11
100498.0	-3.39
100565.0	-3.68
100633.0	-3.68
100700.0	-3.61
100768.0	-3.53
100835.0	-3.42
100902.0	-3.64
100969.0	-3.52
101036.0	-3.41
101102.0	-3.29
101168.0	-3.18
101234.0	-3.18
101299.0	-2.99
101363.0	-2.77
101427.0	-2.67
101490.0	-2.58
101554.0	-2.96
101618.0	-2.81
101681.0	-2.27
101743.0	-2.37
101806.0	-2.49
101868.0	-2.36
101930.0	-2.23
101991.0	-2.1
102052.0	-1.97
102114.0	-2.42
102177.0	-2.86
102241.0	-2.63
102304.0	-2.42
102366.0	-2.26
102427.0	-2.11
102489.0	-2.48
102553.0	-2.85
102618.0	-3.08
102684.0	-3.32
102749.0	-2.82
102812.0	-2.33
102876.0	-2.93
102942.0	-3.55
103008.0	-3.09
103073.0	-2.61
103137.0	-3.19
103205.0	-3.78
103273.0	-3.67
103341.0	-3.55
103410.0	-4.04
103481.0	-4.52
103553.0	-4.46
103625.0	-4.41
103697.0	-4.41
103769.0	-4.5
103841.0	-4.45
103912.0	-4.3
103984.0	-4.24
104054.0	-4.16
104125.0	-4.11
104195.0	-4.05
104266.0	-4.22
104337.0	-4.4
104409.0	-4.37
104480.0	-4.32
104552.0	-4.33
104623.0	-4.33
104695.0	-4.25
104766.0	-4.17
104837.0	-4.17
104908.0	-4.52
104982.0	-4.85
105055.0	-4.66
105128.0	-4.48
105200.0	-4.28
105271.0	-4.1
105342.0	-4.2
105413.0	-4.29
105485.0	-4.51
105559.0	-4.71
105631.0	-4.33
105702.0	-3.93
105772.0	-3.93
105842.0	-3.92
105911.0	-3.82
105980.0	-3.71
106048.0	-3.21
106114.0	-2.71
106179.0	-3.37
106248.0	-4.02
106319.0	-4.25
106391.0	-4.48
106463.0	-4.26
106535.0	-4.04
106606.0	-4.32
106678.0	-4.6
106752.0	-4.84
106828.0	-5.07
106902.0	-4.73
106976.0	-4.4
107048.0	-4.4
107121.0	-4.4
107194.0	-4.88
107270.0	-5.36
107349.0	-5.92
107431.0	-6.48
107515.0	-6.48
107599.0	-6.48
107683.0	-6.48
107767.0	-6.67
107852.0	-6.85
107938.0	-6.9
108025.0	-6.95
108111.0	-6.95
108198.0	-6.83
108283.0	-6.71
108369.0	-6.71
108454.0	-6.64
108538.0	-6.57
108622.0	-6.43
108706.0	-6.28
108789.0	-6.28
108872.0	-6.28
108954.0	-6.27
109037.0	-6.27
109121.0	-6.53
109206.0	-6.81
109292.0	-6.81
109378.0	-6.44
109461.0	-6.09
109543.0	-6.09
109625.0	-6.09
109707.0	-6.2
109790.0	-6.3
109872.0	-5.88
109952.0	-5.47
110031.0	-5.53
110110.0	-5.58
110189.0	-5.58
110269.0	-5.58
110348.0	-5.58
110427.0	-5.57
110507.0	-5.57
110586.0	-5.57
110666.0	-5.57
110746.0	-6.0
110829.0	-6.42
110913.0	-6.25
110996.0	-6.08
111078.0	-5.88
111159.0	-5.68
111239.0	-5.68
111319.0	-5.68
111399.0	-5.68
111480.0	-5.68
111560.0	-5.68
111640.0	-5.68
111721.0	-6.02
111805.0	-6.37
111889.0	-6.37
111973.0	-6.16
112055.0	-5.94
112137.0	-5.94
112219.0	-5.94
112301.0	-5.94
112383.0	-5.94
112465.0	-5.93
112547.0	-5.82
112628.0	-5.7
112708.0	-5.67
112790.0	-5.86
112872.0	-6.06
112954.0	-5.93
113036.0	-5.8
113116.0	-5.4
113195.0	-4.98
113272.0	-4.98
113348.0	-4.86
113425.0	-4.85
113501.0	-4.89
113578.0	-4.94
113656.0	-5.27
113736.0	-5.62
113815.0	-5.1
113891.0	-4.57
113966.0	-4.57
114041.0	-4.45
114115.0	-4.33
114189.0	-4.36
114264.0	-4.39
114338.0	-4.31
114411.0	-4.24
114486.0	-4.59
114562.0	-4.95
114639.0	-4.78
114715.0	-4.6
114790.0	-4.33
114863.0	-4.06
114935.0	-3.75
115006.0	-3.45
115077.0	-3.89
115150.0	-4.32
115222.0	-3.41
115289.0	-2.48
115355.0	-2.47
115420.0	-2.47
115486.0	-2.47
115551.0	-2.47
115617.0	-2.47
115683.0	-2.56
115749.0	-2.64
115816.0	-3.11
115886.0	-3.57
115956.0	-3.34
116025.0	-3.08
116093.0	-2.97
116161.0	-2.86
116228.0	-2.88
116296.0	-2.83
116363.0	-2.76
116430.0	-2.71
116497.0	-2.67
116563.0	-2.67
116630.0	-2.67
116697.0	-2.53
116762.0	-2.41
116827.0	-2.11
116891.0	-1.83
116954.0	-1.62
117016.0	-1.44
117077.0	-1.44
117139.0	-1.63
117202.0	-1.83
117264.0	-1.59
117326.0	-1.36
117388.0	-1.67
117451.0	-2.0
117514.0	-1.5
117575.0	-0.98
117635.0	-1.26
117697.0	-1.54
117759.0	-1.67
117822.0	-1.85
117886.0	-1.88
117949.0	-1.78
118012.0	-1.66
118074.0	-1.31
118135.0	-0.94
118194.0	-0.93
118254.0	-0.93
118314.0	-1.19
118376.0	-1.46
118438.0	-1.45
118499.0	-1.12
118559.0	-0.8
118618.0	-0.57
118676.0	-0.31
118735.0	-1.04
118796.0	-1.77
118859.0	-1.47
118921.0	-1.16
118981.0	-1.16
119042.0	-0.84
119101.0	-0.51
119160.0	-0.95
119221.0	-1.4
119283.0	-1.4
119345.0	-1.33
119406.0	-1.27
119467.0	-1.07
119528.0	-1.09
119589.0	-1.31
119650.0	-1.0
119710.0	-0.68
119770.0	-1.07
119831.0	-1.47
119894.0	-1.47
119955.0	-1.16
120016.0	-0.86
120076.0	-1.08
120138.0	-1.29
120199.0	-1.09
120259.0	-0.87
120319.0	-0.86
120379.0	-0.86
120439.0	-0.63
120498.0	-0.41
120555.0	-0.14
120612.0	0.13
120669.0	0.02
120726.0	-0.1
120783.0	-0.24
120841.0	-0.49
120900.0	-0.59
120959.0	-0.58
121018.0	-0.75
121079.0	-0.93
121139.0	-0.92
121199.0	-0.47
121256.0	0.0
121314.0	-0.32
121373.0	-0.65
121432.0	-0.64
121492.0	-0.62
121551.0	-0.6
121610.0	-0.6
121669.0	-0.32
121727.0	-0.03
121784.0	-0.03
121840.0	0.28
121896.0	0.58
121951.0	0.59
122006.0	0.11
122064.0	-0.37
122122.0	-0.01
122178.0	0.32
122234.0	0.41
122290.0	0.5
122345.0	0.32
122402.0	0.13
122458.0	0.13
122515.0	0.27
122571.0	0.39
122627.0	0.18
122684.0	-0.05
122742.0	-0.39
122801.0	-0.75
122861.0	-0.3
122919.0	-0.09
122977.0	-0.32
123036.0	-0.41
123095.0	-0.51
123154.0	-0.24
123211.0	0.05
123268.0	0.54
123322.0	1.02
123377.0	0.63
123432.0	0.22
123489.0	0.27
123545.0	0.34
123602.0	0.25
123658.0	0.16
123715.0	0.44
123770.0	0.71
123825.0	0.72
123880.0	0.62
123936.0	0.51
123991.0	0.4
124046.0	1.07
124100.0	1.24
124154.0	0.59
124209.0	0.6
124265.0	0.6
124320.0	0.5
124376.0	0.4
124432.0	0.5
124488.0	0.58
124544.0	0.62
124599.0	0.65
124654.0	0.62
124710.0	0.6
124765.0	0.6
124821.0	0.65
124877.0	0.27
124935.0	-0.14
124993.0	0.04
125050.0	0.24
125107.0	0.47
125162.0	0.69
125217.0	0.95
125271.0	1.22
125325.0	0.92
125380.0	0.61
125435.0	0.82
125490.0	1.02
125544.0	1.07
125598.0	1.11
125653.0	0.76
125708.0	0.43
125765.0	0.45
125821.0	0.53
125877.0	0.61
125933.0	0.55
125989.0	0.47
126046.0	0.38
126103.0	0.28
126160.0	0.17
126217.0	0.53
126272.0	1.03
126327.0	1.0
126381.0	0.97
126436.0	0.93
126491.0	0.9
126545.0	1.26
126598.0	1.61
126650.0	1.93
126700.0	2.5
126749.0	2.74
126799.0	2.07
126851.0	1.41
126904.0	1.73
126955.0	2.07
127006.0	2.06
127057.0	2.05
127108.0	2.04
127159.0	2.13
127210.0	2.22
127260.0	2.33
127310.0	2.44
127360.0	2.44
127410.0	2.46
127460.0	2.37
127510.0	2.29
127560.0	2.4
127610.0	2.52
127660.0	2.37
127710.0	2.22
127760.0	2.43
127810.0	2.58
127860.0	2.49
127910.0	2.16
127961.0	2.06
128012.0	2.26
128062.0	2.49
128112.0	2.72
128161.0	2.7
128210.0	2.68
128259.0	2.5
128309.0	2.78
128357.0	3.23
128405.0	3.16
128453.0	3.08
128501.0	3.06
128549.0	2.71
128599.0	2.37
128650.0	2.11
128702.0	1.87
128753.0	2.16
128804.0	2.45
128854.0	2.2
128906.0	1.96
128958.0	1.7
129011.0	1.44
129065.0	1.42
129119.0	1.39
129172.0	1.83
129224.0	2.25
129274.0	2.52
129324.0	2.78
129374.0	2.2
129428.0	0.67
129486.0	-0.31
129545.0	0.56
129600.0	1.42
129653.0	1.78
129705.0	2.16
129757.0	1.95
129809.0	1.73
129863.0	1.6
129916.0	1.31
129971.0	1.14
130026.0	1.47
130079.0	1.81
130131.0	1.79
130185.0	1.24
130241.0	0.68
130297.0	0.88
130353.0	0.84
130410.0	0.59
130467.0	0.57
130525.0	0.53
130582.0	0.4
130641.0	0.24
130699.0	0.14
130759.0	-0.13
130819.0	-0.31
130880.0	-0.43
130942.0	-0.54
131004.0	-0.56
131066.0	-0.58
131128.0	-0.79
131190.0	-0.42
131250.0	0.16
131311.0	-0.49
131374.0	-1.14
131439.0	-1.54
131506.0	-1.94
131574.0	-1.73
131641.0	-1.51
131707.0	-1.48
131773.0	-1.45
131840.0	-1.87
131908.0	-2.28
131978.0	-2.23
132048.0	-2.48
132120.0	-2.78
132192.0	-2.78
132264.0	-2.6
132335.0	-2.42
132406.0	-2.44
132477.0	-2.52
132548.0	-2.57
132619.0	-2.58
132691.0	-2.58
132763.0	-2.76
132836.0	-3.16
132911.0	-3.36
132987.0	-3.61
133065.0	-3.84
133142.0	-3.69
133219.0	-3.54
133296.0	-3.73
133374.0	-3.93
133452.0	-3.58
133528.0	-3.23
133603.0	-3.23
133679.0	-3.81
133759.0	-4.41
133841.0	-4.46
133923.0	-4.47
134005.0	-4.89
134091.0	-5.28
134178.0	-5.4
134266.0	-5.74
134356.0	-5.93
134447.0	-6.09
134538.0	-5.76
134628.0	-5.74
134719.0	-6.39
134815.0	-6.97
134912.0	-6.9
135009.0	-6.88
135107.0	-7.18
135207.0	-7.26
135308.0	-7.48
135408.0	-7.3
135507.0	-6.83
135604.0	-6.91
135702.0	-7.13
135802.0	-7.33
135903.0	-7.31
136003.0	-7.14
136103.0	-7.51
136206.0	-7.81
136309.0	-7.44
136411.0	-7.39
136512.0	-7.54
136614.0	-7.29
136715.0	-7.51
136819.0	-7.94
136923.0	-7.62
137026.0	-7.5
137130.0	-7.82
137235.0	-7.93
137341.0	-7.98
137446.0	-7.72
137549.0	-7.45
137651.0	-7.47
137754.0	-7.55
137858.0	-7.88
137966.0	-8.51
138078.0	-8.89
138193.0	-9.24
138308.0	-8.94
138420.0	-8.59
138532.0	-8.72
138644.0	-8.67
138756.0	-8.67
138868.0	-8.59
138978.0	-8.3
139087.0	-8.3
139197.0	-8.53
139308.0	-8.4
139418.0	-8.4
139530.0	-8.7
139643.0	-8.86
139756.0	-8.66
139868.0	-8.43
139979.0	-8.64
140093.0	-8.99
140207.0	-8.82
140319.0	-8.34
140430.0	-8.44
140542.0	-8.67
140655.0	-8.6
140766.0	-8.38
140876.0	-8.11
140986.0	-8.59
141100.0	-8.75
141212.0	-8.38
141323.0	-8.31
141434.0	-8.54
141547.0	-8.7
141661.0	-8.58
141773.0	-8.51
141885.0	-8.39
141997.0	-8.54
142108.0	-8.21
142218.0	-8.12
142329.0	-8.36
142440.0	-8.25
142551.0	-8.49
142665.0	-8.73
142779.0	-8.68
142893.0	-8.58
143006.0	-8.41
143117.0	-8.09
143227.0	-8.17
143338.0	-8.31
143450.0	-8.34
143562.0	-8.34
143675.0	-8.65
143790.0	-8.87
143905.0	-8.36
144016.0	-7.95
144126.0	-8.18
144237.0	-8.13
144346.0	-7.71
144453.0	-7.79
144562.0	-7.85
144671.0	-7.93
144782.0	-8.21
144894.0	-8.32
145006.0	-8.19
145116.0	-7.9
145226.0	-8.0
145337.0	-8.13
145449.0	-8.31
145563.0	-8.62
145678.0	-8.49
145792.0	-8.34
145905.0	-8.45
146019.0	-8.31
146131.0	-8.0
146242.0	-7.99
146352.0	-7.86
146461.0	-7.71
146570.0	-7.82
146681.0	-7.98
146792.0	-8.02
146903.0	-8.0
147014.0	-7.88
147124.0	-7.95
147236.0	-8.02
147347.0	-8.02
147459.0	-8.15
147572.0	-8.05
147684.0	-7.97
147796.0	-8.25
147910.0	-8.32
148025.0	-8.47
148141.0	-8.45
148253.0	-7.67
148362.0	-7.52
148471.0	-7.7
148581.0	-7.64
148691.0	-7.84
148802.0	-7.84
148913.0	-7.72
149022.0	-7.62
149132.0	-7.54
149241.0	-7.67
149351.0	-7.52
149460.0	-7.46
149569.0	-7.66
149679.0	-7.64
149789.0	-7.61
149899.0	-7.57
150008.0	-7.34
150116.0	-7.33
150224.0	-7.54
150333.0	-7.34
150440.0	-6.93
150545.0	-6.96
150653.0	-7.43
150762.0	-7.41
150868.0	-6.75
150972.0	-6.61
151076.0	-6.86
151181.0	-6.91
151287.0	-6.91
151393.0	-7.22
151502.0	-7.42
151611.0	-7.38
151721.0	-7.4
151832.0	-7.82
151945.0	-7.89
152058.0	-7.89
152171.0	-7.69
152283.0	-7.77
152398.0	-8.15
152513.0	-8.08
152628.0	-7.86
152740.0	-7.64
152852.0	-7.49
152963.0	-7.67
153076.0	-7.64
153188.0	-7.78
153301.0	-7.68
153412.0	-7.23
153523.0	-7.61
153637.0	-8.06
153753.0	-8.1
153868.0	-7.74
153981.0	-7.62
154094.0	-7.72
154207.0	-7.64
154322.0	-8.14
154438.0	-7.86
154551.0	-7.37
154664.0	-7.85
154783.0	-9.0
154907.0	-8.8
155029.0	-8.53
155151.0	-8.84
155271.0	-8.06
155388.0	-8.08
155506.0	-8.21
155625.0	-8.4
155743.0	-7.89
155861.0	-8.37
155983.0	-8.87
156105.0	-8.28
156225.0	-8.5
156349.0	-9.08
156473.0	-8.54
156593.0	-8.17
156714.0	-8.52
156835.0	-8.49
156957.0	-8.55
157080.0	-8.58
157202.0	-8.5
157324.0	-8.59
157444.0	-7.84
157560.0	-7.69
157677.0	-7.91
157793.0	-7.67
157909.0	-7.75
158026.0	-7.93
158140.0	-6.97
158250.0	-6.93
158359.0	-6.63
158469.0	-7.13
158584.0	-8.05
158702.0	-7.62
158815.0	-7.07
158925.0	-6.62
159033.0	-6.72
159139.0	-5.89
159240.0	-5.27
159340.0	-5.63
159444.0	-6.58
159548.0	-5.36
159651.0	-6.27
159757.0	-6.37
159865.0	-6.54
159971.0	-5.94
160076.0	-6.25
160184.0	-6.76
160293.0	-6.67
160403.0	-6.78
160514.0	-6.79
160626.0	-7.4
160740.0	-6.85
160851.0	-7.07
160963.0	-6.79
161077.0	-7.48
161192.0	-7.34
161308.0	-7.52
161427.0	-7.97
161545.0	-7.41
161661.0	-7.38
161776.0	-7.03
161890.0	-7.25
162005.0	-7.18
162117.0	-6.6
162227.0	-6.6
162336.0	-6.22
162440.0	-5.46
162543.0	-5.59
162649.0	-6.6
162759.0	-6.42
162867.0	-6.14
162976.0	-6.52
163089.0	-7.25
163204.0	-7.03
163318.0	-7.05
163432.0	-7.0
163546.0	-6.81
163660.0	-7.23
163777.0	-7.39
163896.0	-7.66
164016.0	-7.76
164136.0	-7.58
164258.0	-8.26
164385.0	-8.46
164512.0	-8.57
164642.0	-8.77
164769.0	-8.11
164894.0	-8.29
165021.0	-8.44
165148.0	-8.3
165274.0	-8.31
165399.0	-7.82
165522.0	-7.98
165646.0	-8.17
165774.0	-8.57
165903.0	-8.53
166029.0	-7.97
166155.0	-8.44
166284.0	-8.39
166411.0	-8.12
166537.0	-8.34
166662.0	-7.65
166785.0	-7.9
166909.0	-7.82
167035.0	-8.45
167164.0	-8.25
167290.0	-7.99
167414.0	-7.76
167539.0	-7.96
167664.0	-7.96
167790.0	-8.05
167915.0	-7.89
168039.0	-7.56
168159.0	-7.13
168276.0	-6.65
168391.0	-6.62
168506.0	-6.9
168623.0	-6.71
168739.0	-6.94
168857.0	-7.05
168974.0	-6.59
169088.0	-6.33
169201.0	-6.33
169314.0	-6.29
169425.0	-5.81
169531.0	-5.08
169638.0	-5.83
169750.0	-6.47
169866.0	-6.87
169983.0	-6.61
170101.0	-7.01
170221.0	-7.3
170340.0	-6.71
170455.0	-6.23
170568.0	-6.05
170683.0	-6.85
170803.0	-7.25
170922.0	-6.61
171040.0	-7.01
171165.0	-7.97
171289.0	-7.0
171405.0	-6.16
171519.0	-6.27
171638.0	-7.41
171760.0	-6.88
171880.0	-7.08
172004.0	-7.65
172132.0	-8.05
172262.0	-8.15
172393.0	-8.14
172522.0	-7.53
172647.0	-7.56
172774.0	-7.64
172900.0	-7.51
173027.0	-7.72
173153.0	-7.31
173275.0	-6.89
173397.0	-7.11
173519.0	-6.96
173642.0	-7.13
173761.0	-6.3
173875.0	-5.74
173988.0	-5.91
174105.0	-6.86
174226.0	-6.74
174344.0	-6.18
174459.0	-6.02
174573.0	-5.95
174688.0	-6.09
174804.0	-6.27
174920.0	-5.92
175034.0	-6.02
175150.0	-6.14
175266.0	-6.16
175386.0	-6.84
175509.0	-7.25
175630.0	-6.09
175746.0	-6.04
175866.0	-7.0
175991.0	-7.22
176117.0	-7.23
176244.0	-7.56
176373.0	-7.33
176501.0	-7.5
176630.0	-7.58
176759.0	-7.54
176887.0	-7.19
177015.0	-7.49
177142.0	-7.08
177268.0	-7.06
177393.0	-6.88
177517.0	-6.92
177644.0	-7.4
177773.0	-7.44
177900.0	-6.94
178026.0	-7.07
178153.0	-7.25
178283.0	-7.64
178417.0	-8.19
178554.0	-8.15
178691.0	-8.28
178830.0	-8.35
178965.0	-7.5
179093.0	-6.77
179217.0	-6.65
179342.0	-7.0
179468.0	-6.83
179590.0	-6.08
179706.0	-5.3
179820.0	-5.49
179939.0	-6.39
180060.0	-6.34
180182.0	-6.35
180304.0	-6.28
180426.0	-6.44
180546.0	-5.71
180663.0	-5.64
180780.0	-5.64
180895.0	-5.32
181011.0	-5.73
181132.0	-6.64
181259.0	-6.92
181382.0	-5.8
181502.0	-6.2
181626.0	-6.77
181753.0	-6.71
181881.0	-6.95
182011.0	-7.3
182146.0	-7.87
182284.0	-8.0
182421.0	-7.52
182556.0	-7.66
182694.0	-8.08
182830.0	-7.29
182965.0	-7.7
183102.0	-7.77
183243.0	-8.58
183386.0	-8.11
183525.0	-7.64
183664.0	-8.17
183807.0	-8.2
183948.0	-8.08
184088.0	-7.79
184229.0	-8.1
184367.0	-7.37
184501.0	-7.1
184641.0	-8.72
184787.0	-8.21
184928.0	-7.75
185069.0	-8.1
185212.0	-8.23
185354.0	-7.75
185494.0	-7.94
185640.0	-8.72
185788.0	-8.49
185931.0	-7.64
186071.0	-7.9
186213.0	-7.98
186356.0	-7.95
186499.0	-8.14
186642.0	-7.68
186784.0	-8.09
186927.0	-7.94
187067.0	-7.36
187204.0	-7.27
187343.0	-7.75
187486.0	-8.14
187630.0	-7.78
187770.0	-7.42
187907.0	-7.01
188042.0	-7.03
188181.0	-7.87
188324.0	-7.84
188467.0	-7.63
188609.0	-7.92
188752.0	-7.51
188892.0	-7.46
189030.0	-7.1
189165.0	-6.64
189297.0	-6.48
189431.0	-7.08
189568.0	-7.02
189702.0	-6.63
189832.0	-6.02
189961.0	-6.27
190092.0	-6.49
190222.0	-6.0
190348.0	-5.61
190469.0	-4.84
190587.0	-4.79
190705.0	-4.72
190822.0	-4.51
190934.0	-3.6
191043.0	-3.68
191156.0	-4.63
191276.0	-5.18
191398.0	-5.35
191522.0	-5.51
191647.0	-5.55
191771.0	-5.36
191895.0	-5.46
192018.0	-4.97
192138.0	-4.83
192258.0	-5.02
192382.0	-5.51
192509.0	-5.85
192638.0	-6.01
192768.0	-5.97
192895.0	-5.35
193022.0	-5.84
193152.0	-6.21
193285.0	-6.28
193421.0	-6.78
193556.0	-6.25
193687.0	-5.68
193816.0	-5.89
193946.0	-5.88
194075.0	-5.63
194201.0	-5.19
194324.0	-4.8
194444.0	-4.53
194565.0	-4.96
194687.0	-4.79
194806.0	-4.23
194926.0	-5.07
195051.0	-5.22
195175.0	-4.9
195298.0	-4.81
195420.0	-4.92
195546.0	-5.48
195676.0	-5.88
195808.0	-5.95
195940.0	-5.78
196071.0	-5.73
196202.0	-5.59
196332.0	-5.72
196463.0	-5.72
196593.0	-5.45
196722.0	-5.37
196846.0	-4.49
196965.0	-4.04
197086.0	-4.86
197211.0	-5.17
197338.0	-4.97
197462.0	-4.79
197587.0	-4.87
197711.0	-4.83
197833.0	-4.3
197954.0	-4.48
198075.0	-4.07
198192.0	-3.85
198309.0	-3.8
198426.0	-3.81
198542.0	-3.68
198656.0	-3.2
198768.0	-3.29
198881.0	-3.08
198992.0	-2.96
199104.0	-3.37
199220.0	-3.84
199337.0	-3.62
199452.0	-3.4
199567.0	-3.63
199682.0	-3.17
199793.0	-2.8
199904.0	-2.95
200015.0	-2.68
200124.0	-2.78
200236.0	-3.07
200345.0	-2.23
200451.0	-2.02
200558.0	-2.42
200666.0	-2.48
200776.0	-2.82
200887.0	-2.84
200998.0	-2.78
201109.0	-2.59
201216.0	-1.9
201319.0	-1.49
201423.0	-1.96
201529.0	-2.11
201635.0	-1.99
201742.0	-2.26
201849.0	-2.08
201957.0	-2.34
202065.0	-2.02
202169.0	-1.53
202275.0	-2.4
202386.0	-2.59
202496.0	-2.51
202607.0	-2.54
202717.0	-2.35
202826.0	-2.29
202936.0	-2.49
203046.0	-2.38
203155.0	-1.98
203262.0	-1.9
203370.0	-2.34
203481.0	-2.56
203592.0	-2.43
203704.0	-2.73
203818.0	-2.92
203933.0	-3.03
204049.0	-3.1
204164.0	-2.71
204278.0	-2.84
204394.0	-3.25
204512.0	-3.17
204629.0	-2.94
204743.0	-2.56
204857.0	-2.78
204973.0	-3.17
205092.0	-3.55
205214.0	-3.69
205336.0	-3.68
205458.0	-3.63
205582.0	-3.95
205708.0	-4.25
205836.0	-4.35
205965.0	-4.45
206097.0	-4.95
206232.0	-5.05
206366.0	-4.67
206496.0	-4.39
206627.0	-4.62
206759.0	-4.65
206890.0	-4.27
207019.0	-4.37
207149.0	-4.29
207278.0	-4.31
207409.0	-4.49
207540.0	-4.37
207671.0	-4.47
207803.0	-4.51
207933.0	-4.11
208061.0	-4.02
208191.0	-4.35
208319.0	-3.7
208445.0	-3.81
208571.0	-3.68
208696.0	-3.59
208821.0	-3.6
208946.0	-3.55
209072.0	-3.7
209195.0	-3.06
209315.0	-2.88
209436.0	-3.17
209560.0	-3.55
209686.0	-3.73
209812.0	-3.48
209938.0	-3.58
210062.0	-3.07
210182.0	-2.51
210300.0	-2.64
210418.0	-2.67
210538.0	-2.91
210659.0	-2.79
210777.0	-2.33
210893.0	-2.14
211009.0	-2.21
211127.0	-2.64
211246.0	-2.67
211366.0	-2.56
211485.0	-2.53
211603.0	-2.28
211721.0	-2.61
211842.0	-2.8
211960.0	-2.0
212075.0	-2.03
212190.0	-1.81
212305.0	-2.17
212422.0	-2.07
212538.0	-2.03
212653.0	-1.65
212766.0	-1.63
212881.0	-2.07
212996.0	-1.65
213109.0	-1.5
213223.0	-1.96
213338.0	-1.76
213453.0	-1.67
213567.0	-1.82
213684.0	-2.06
213799.0	-1.45
213911.0	-1.35
214024.0	-1.58
214138.0	-1.5
214251.0	-1.4
214364.0	-1.41
214478.0	-1.61
214592.0	-1.58
214706.0	-1.36
214819.0	-1.29
214932.0	-1.39
215047.0	-1.67
215161.0	-1.4
215274.0	-1.24
215386.0	-1.02
215497.0	-0.91
215608.0	-1.22
215723.0	-1.74
215839.0	-1.45
215955.0	-1.79
216075.0	-2.28
216197.0	-2.39
216319.0	-2.11
216439.0	-2.14
216560.0	-2.1
216678.0	-1.39
216792.0	-1.05
216904.0	-0.97
217018.0	-1.23
217131.0	-1.07
217244.0	-0.86
217356.0	-1.02
217470.0	-1.13
217584.0	-1.2
217699.0	-1.18
217817.0	-2.18
217939.0	-2.04
218060.0	-1.85
218181.0	-1.97
218303.0	-2.08
218426.0	-2.2
218551.0	-2.62
218681.0	-3.23
218814.0	-3.2
218946.0	-2.94
219076.0	-2.9
219207.0	-2.98
219339.0	-3.17
219472.0	-3.35
219605.0	-2.84
219738.0	-3.42
219878.0	-4.37
220023.0	-4.31
220167.0	-4.23
220312.0	-4.43
220461.0	-4.99
220613.0	-4.84
220761.0	-4.35
220907.0	-4.49
221058.0	-5.03
221210.0	-4.89
221363.0	-4.95
221520.0	-5.78
221684.0	-6.19
221850.0	-6.02
222015.0	-6.06
222182.0	-6.21
222355.0	-7.07
222535.0	-7.29
222711.0	-6.49
222885.0	-6.78
223062.0	-7.02
223240.0	-6.89
223420.0	-7.3
223605.0	-7.63
223792.0	-7.6
223979.0	-7.55
224164.0	-7.36
224351.0	-7.64
224536.0	-7.19
224716.0	-6.66
224888.0	-5.89
225058.0	-6.22
225229.0	-6.2
225399.0	-5.88
225562.0	-4.99
225726.0	-5.96
225900.0	-6.59
226072.0	-5.72
226238.0	-5.58
226408.0	-6.17
226582.0	-6.33
226758.0	-6.53
226939.0	-7.04
227128.0	-7.7
227321.0	-7.62
227512.0	-7.19
227699.0	-7.12
227883.0	-6.81
228064.0	-6.5
228241.0	-6.01
228416.0	-6.19
228596.0	-6.81
228783.0	-7.33
228974.0	-7.34
229165.0	-7.19
229354.0	-7.01
229541.0	-6.89
229726.0	-6.71
229909.0	-6.34
230088.0	-6.15
230264.0	-5.85
230440.0	-6.17
230618.0	-5.94
230794.0	-5.96
230972.0	-6.09
231146.0	-5.37
231315.0	-5.15
231482.0	-5.07
231649.0	-4.98
231815.0	-4.93
231979.0	-4.54
232140.0	-4.38
232299.0	-4.21
232458.0	-4.29
232617.0	-4.16
232774.0	-3.91
232930.0	-3.8
233083.0	-3.44
233236.0	-3.66
233390.0	-3.71
233542.0	-3.26
233691.0	-2.87
233836.0	-2.59
233979.0	-2.33
234122.0	-2.78
234268.0	-2.66
234411.0	-2.22
234552.0	-2.22
234694.0	-2.25
234837.0	-2.65
234984.0	-2.77
235129.0	-2.44
235271.0	-1.93
235411.0	-1.92
235552.0	-2.24
235694.0	-2.13
235836.0	-2.11
235977.0	-1.89
236114.0	-1.45
236250.0	-1.4
236385.0	-1.11
236518.0	-1.17
236652.0	-1.15
236785.0	-0.94
236916.0	-0.6
237043.0	0.1
237166.0	0.16
237288.0	0.48
237410.0	0.36
237529.0	1.03
237643.0	1.73
237755.0	1.74
237866.0	1.99
237975.0	2.2
238084.0	2.09
238194.0	1.9
238306.0	1.75
238419.0	1.66
238532.0	1.55
238647.0	1.3
238764.0	1.12
238883.0	0.99
239003.0	0.69
239125.0	0.56
239248.0	0.46
239375.0	-0.18
239506.0	-0.54
239642.0	-1.29
239784.0	-1.76
239931.0	-2.22
240080.0	-2.12
240231.0	-2.59
240387.0	-3.09
240548.0	-3.43
240711.0	-3.55
240877.0	-3.85
241048.0	-4.17
241224.0	-4.82
241406.0	-5.23
241596.0	-5.8
241792.0	-6.21
241991.0	-6.1
242187.0	-5.86
242382.0	-5.8
242576.0	-5.74
242770.0	-5.65
242959.0	-5.02
243144.0	-4.93
243330.0	-5.18
243519.0	-5.46
243714.0	-5.93
243916.0	-6.38
244124.0	-6.82
244337.0	-6.94
244551.0	-7.02
244767.0	-7.07
244983.0	-6.97
245196.0	-6.72
245407.0	-6.58
245618.0	-6.71
245834.0	-7.19
246053.0	-7.07
246269.0	-6.86
246485.0	-6.83
246700.0	-6.78
246917.0	-7.07
247135.0	-6.92
247351.0	-6.6
247566.0	-6.78
247785.0	-7.13
248007.0	-7.13
248229.0	-7.1
248453.0	-7.36
248680.0	-7.41
248907.0	-7.24
249128.0	-6.76
249345.0	-6.51
249560.0	-6.48
249772.0	-6.11
249984.0	-6.39
250199.0	-6.52
250413.0	-6.17
250618.0	-5.31
250818.0	-5.29
251021.0	-5.72
251231.0	-6.34
251448.0	-6.48
251666.0	-6.5
251883.0	-6.25
252102.0	-6.79
252329.0	-7.16
252553.0	-6.49
252769.0	-6.01
252986.0	-6.55
253213.0	-7.13
253442.0	-6.93
253670.0	-6.88
253896.0	-6.63
254121.0	-6.75
254345.0	-6.45
254560.0	-5.6
254767.0	-5.14
254972.0	-5.41
255183.0	-5.77
255399.0	-6.16
255620.0	-6.39
255844.0	-6.43
256068.0	-6.36
256294.0	-6.69
256525.0	-6.95
256759.0	-6.93
256994.0	-7.13
257234.0	-7.42
257479.0	-7.58
257726.0	-7.7
257975.0	-7.85
258224.0	-7.5
258471.0	-7.67
258723.0	-8.01
258978.0	-7.98
259235.0	-8.09
259492.0	-8.05
259750.0	-7.99
260009.0	-8.3
260272.0	-8.31
260536.0	-8.26
260801.0	-8.52
261069.0	-8.43
261336.0	-8.43
261602.0	-8.19
261865.0	-8.16
262131.0	-8.42
262399.0	-8.3
262665.0	-8.21
262933.0	-8.42
263201.0	-8.13
263466.0	-8.08
263732.0	-8.3
264004.0	-8.53
264273.0	-7.93
264533.0	-7.52
264792.0	-7.86
265055.0	-7.85
265321.0	-8.13
265595.0	-8.57
265865.0	-7.78
266123.0	-7.18
266380.0	-7.61
266643.0	-7.75
266905.0	-7.54
267167.0	-7.66
267431.0	-7.65
267692.0	-7.28
267946.0	-6.86
268194.0	-6.59
268435.0	-5.96
268677.0	-6.61
268926.0	-6.77
269178.0	-6.84
269429.0	-6.65
269678.0	-6.59
269926.0	-6.47
270169.0	-5.95
270409.0	-6.0
270648.0	-5.8
270883.0	-5.44
271114.0	-5.3
271347.0	-5.65
271584.0	-5.74
271822.0	-5.65
272053.0	-4.8
272276.0	-4.6
272500.0	-4.9
272724.0	-4.65
272946.0	-4.43
273166.0	-4.35
273385.0	-4.33
273605.0	-4.33
273827.0	-4.55
274048.0	-4.1
274263.0	-3.84
274477.0	-3.8
274692.0	-3.95
274909.0	-3.95
275127.0	-4.13
275344.0	-3.73
275559.0	-3.71
275772.0	-3.53
275983.0	-3.38
276195.0	-3.48
276409.0	-3.62
276622.0	-3.35
276830.0	-2.88
277036.0	-3.01
277246.0	-3.33
277460.0	-3.61
277680.0	-3.95
277903.0	-4.0
278130.0	-4.44
278361.0	-4.46
278593.0	-4.44
278825.0	-4.43
279057.0	-4.44
279292.0	-4.67
279533.0	-5.1
279781.0	-5.49
280038.0	-6.17
280303.0	-6.18
280564.0	-5.69
280817.0	-5.3
281071.0	-5.66
281332.0	-6.11
281602.0	-6.5
281875.0	-6.39
282143.0	-5.96
282405.0	-5.67
282661.0	-5.15
282910.0	-4.85
283160.0	-5.22
283417.0	-5.55
283677.0	-5.54
283941.0	-5.95
284218.0	-6.83
284508.0	-7.27
284804.0	-7.3
285102.0	-7.45
285398.0	-6.99
285686.0	-6.57
285968.0	-6.4
286248.0	-6.27
286525.0	-6.1
286802.0	-6.15
287079.0	-5.96
287351.0	-5.62
287617.0	-5.28
287879.0	-5.09
288145.0	-5.68
288418.0	-5.8
288698.0	-6.34
288986.0	-6.5
289271.0	-6.06
289549.0	-5.67
289823.0	-5.56
290100.0	-6.0
290382.0	-6.0
290660.0	-5.39
290929.0	-5.15
291193.0	-4.65
291455.0	-4.93
291721.0	-5.07
291986.0	-4.62
292242.0	-4.13
292490.0	-3.52
292732.0	-3.46
292976.0	-3.67
293232.0	-4.76
293502.0	-5.22
293779.0	-5.34
294060.0	-5.6
294348.0	-6.06
294637.0	-5.56
294919.0	-5.34
295198.0	-5.13
295474.0	-4.96
295749.0	-4.94
296020.0	-4.57
296289.0	-4.53
296562.0	-5.04
296840.0	-4.92
297116.0	-4.81
297393.0	-4.9
297669.0	-4.7
297943.0	-4.57
298215.0	-4.48
298485.0	-4.2
298749.0	-3.81
299012.0	-4.04
299275.0	-3.69
299533.0	-3.45
299788.0	-3.19
300039.0	-3.08
300293.0	-3.26
300547.0	-3.13
300799.0	-2.97
301052.0	-3.17
301305.0	-2.92
301560.0	-3.32
301813.0	-2.52
302061.0	-2.76
302320.0	-3.64
302583.0	-3.19
302834.0	-2.28
303077.0	-2.04
303316.0	-1.74
303558.0	-2.34
303810.0	-2.88
304068.0	-3.03
304333.0	-3.46
304606.0	-3.88
304886.0	-4.13
305171.0	-4.32
305463.0	-4.82
305764.0	-5.14
306073.0	-5.42
306386.0	-5.54
306698.0	-5.14
307005.0	-5.09
307309.0	-4.72
307608.0	-4.58
307908.0	-4.69
308206.0	-4.41
308500.0	-4.09
308789.0	-3.95
309077.0	-3.86
309365.0	-3.83
309651.0	-3.69
309934.0	-3.39
310215.0	-3.32
310493.0	-3.06
310766.0	-2.78
311035.0	-2.54
311302.0	-2.39
311568.0	-2.33
311832.0	-2.22
312099.0	-2.45
312367.0	-2.35
312634.0	-2.29
312899.0	-1.92
313159.0	-1.79
313418.0	-1.61
313674.0	-1.34
313928.0	-1.38
314183.0	-1.36
314438.0	-1.32
314692.0	-1.1
314943.0	-0.99
315194.0	-0.97
315443.0	-0.64
315689.0	-0.48
315934.0	-0.46
316179.0	-0.51
316424.0	-0.18
316666.0	-0.18
316910.0	-0.33
317155.0	-0.2
317401.0	-0.39
317649.0	-0.42
317897.0	-0.14
318141.0	-0.03
318385.0	0.02
318628.0	0.2
318872.0	0.01
319118.0	0.02
319364.0	0.16
319608.0	0.24
319853.0	0.15
320102.0	-0.12
320354.0	-0.18
320607.0	-0.09
320856.0	0.38
321095.0	1.14
321329.0	1.26
321559.0	1.66
321783.0	2.18
322000.0	2.65
322214.0	2.85
322426.0	2.82
322638.0	3.19
322847.0	3.18
323057.0	3.08
323269.0	3.08
323482.0	3.14
323695.0	2.99
323911.0	2.84
324129.0	2.86
324349.0	2.65
324574.0	2.34
324804.0	2.0
325039.0	1.74
325278.0	1.59
325527.0	0.68
325789.0	0.05
326061.0	-0.25
326342.0	-0.96
326639.0	-1.73
326952.0	-2.39
327273.0	-2.41
327597.0	-2.55
327924.0	-2.64
328258.0	-3.03
328602.0	-3.41
328955.0	-3.68
329318.0	-4.21
329694.0	-4.56
330081.0	-4.9
330476.0	-5.11
330883.0	-5.67
331300.0	-5.76
331725.0	-6.06
332164.0	-6.63
332624.0	-7.3
333106.0	-7.86
333602.0	-8.04
334101.0	-7.94
334600.0	-7.93
335100.0	-7.87
335595.0	-7.58
336081.0	-7.28
336567.0	-7.43
337055.0	-7.3
337544.0	-7.42
338033.0	-7.16
338521.0	-7.3
339015.0	-7.4
339505.0	-6.98
339993.0	-7.13
340490.0	-7.44
340984.0	-6.88
341462.0	-6.31
341930.0	-6.26
342401.0	-6.32
342879.0	-6.59
343364.0	-6.64
343853.0	-6.76
344348.0	-6.84
344839.0	-6.43
345327.0	-6.58
345821.0	-6.65
346319.0	-6.76
346823.0	-6.84
347330.0	-6.83
347841.0	-6.92
348357.0	-7.05
348877.0	-7.02
349404.0	-7.32
349945.0	-7.61
350493.0	-7.64
351044.0	-7.64
351596.0	-7.57
352150.0	-7.64
352710.0	-7.77
353273.0	-7.71
353838.0	-7.71
354400.0	-7.46
354958.0	-7.41
355512.0	-7.13
356060.0	-6.94
356612.0	-7.24
357167.0	-7.01
357712.0	-6.58
358247.0	-6.39
358786.0	-6.64
359327.0	-6.41
359855.0	-5.8
360376.0	-5.89
360904.0	-6.05
361440.0	-6.24
361973.0	-5.79
362503.0	-5.9
363042.0	-6.2
363580.0	-5.72
364114.0	-5.84
364659.0	-6.21
365208.0	-5.88
365743.0	-5.4
366267.0	-5.13
366784.0	-4.84
367297.0	-4.86
367816.0	-4.97
368329.0	-4.46
368829.0	-4.03
369331.0	-4.54
369858.0	-5.23
370403.0	-5.42
370960.0	-5.74
371545.0	-6.67
372149.0	-6.58
372746.0	-6.15
373331.0	-5.9
373909.0	-5.66
374478.0	-5.33
375042.0	-5.26
375604.0	-5.08
376155.0	-4.55
376690.0	-4.07
377204.0	-3.27
377702.0	-2.99
378210.0	-3.72
378743.0	-4.29
379297.0	-4.63
379864.0	-4.88
380435.0	-4.68
380997.0	-4.32
381551.0	-4.05
382095.0	-3.72
382622.0	-2.92
383134.0	-2.72
383641.0	-2.5
384159.0	-3.24
384710.0	-4.1
385288.0	-4.54
385894.0	-5.36
386528.0	-5.65
387167.0	-5.46
387804.0	-5.4
388435.0	-5.02
389061.0	-5.07
389700.0	-5.44
390349.0	-5.34
390999.0	-5.36
391658.0	-5.6
392317.0	-5.17
392972.0	-5.31
393636.0	-5.4
394297.0	-5.02
394935.0	-4.23
395543.0	-3.43
396126.0	-2.8
396694.0	-2.54
397253.0	-2.2
397808.0	-2.13
398361.0	-1.92
398909.0	-1.68
399455.0	-1.65
400003.0	-1.64
400553.0	-1.58
401097.0	-1.17
401636.0	-1.09
402179.0	-1.26
402728.0	-1.23
403276.0	-1.01
403815.0	-0.58
404346.0	-0.37
404874.0	-0.28
405401.0	-0.1
405923.0	0.18
406441.0	0.31
406957.0	0.49
407469.0	0.71
407977.0	0.85
408485.0	0.94
408992.0	1.12
409496.0	1.28
409995.0	1.64
410483.0	2.13
410979.0	1.27
411492.0	1.34
412009.0	1.23
412533.0	1.15
413062.0	1.08
413601.0	0.8
414147.0	0.85
414692.0	1.07
415235.0	1.16
415781.0	1.13
416327.0	1.32
416872.0	1.36
417419.0	1.43
417969.0	1.4
418526.0	1.27
419095.0	0.94
419682.0	0.51
420281.0	0.54
420888.0	0.32
421507.0	0.15
422135.0	0.08
422766.0	0.23
